[
    {
        "date": "2017-05-17",
        "weight": 175
    },
    {
        "date": "2017-05-18",
        "weight": 176
    },
    {
        "date": "2017-05-19",
        "weight": 177
    },
    {
        "date": "2017-05-20",
        "weight": 178
    },
    {
        "date": "2017-05-21",
        "weight": 179
    },
    {
        "date": "2017-05-22",
        "weight": 180
    },
    {
        "date": "2017-05-23",
        "weight": 181
    },
    {
        "date": "2017-05-24",
        "weight": 182
    },
    {
        "date": "2017-05-25",
        "weight": 183
    }
]